{
  "legacy_plugin": {
    "kappa": 0.010713442456987955,
    "sigma": 0.04743809909419169,
    "bound_90": 0.08874911546693327
  },
  "fisher_latent_amplitude": {
    "kappa_mean": 0.003187581014716381,
    "kappa_std": 0.03271149450608283,
    "kappa_map": 0.0015000000000000013,
    "ci_68": [
      -0.028012540590630273,
      0.034142763220174455
    ],
    "ci_90": [
      -0.05017578622068629,
      0.057640532436270486
    ],
    "bound_90": 0.057640532436270486
  },
  "inspiral_informed": {
    "kappa_mean": 0.003406901035783649,
    "kappa_std": 0.033149500690329944,
    "kappa_map": 0.0015000000000000013,
    "ci_68": [
      -0.028123860199211637,
      0.03472274712236459
    ],
    "ci_90": [
      -0.05064533597397338,
      0.058658365898460886
    ],
    "bound_90": 0.058658365898460886
  },
  "model_diagnostics": {
    "model_scatter_log": 1.1735642413975191,
    "model_scatter_frac": 2.233497088211955,
    "model_r_squared": 0.659570429717748,
    "loo_scatter_log": 1.2271342534865628,
    "loo_scatter_frac": 2.411439194693297,
    "coefficients": [
      0.0030846605162477615,
      -0.8177042314331843,
      0.2724258095775496,
      -0.08801640076473431,
      -1.0031533894395044,
      -1.2058443507379544,
      1.082409511731577
    ],
    "feature_names": [
      "intercept",
      "log_M_rem",
      "log_eta",
      "log_d_L",
      "spin",
      "log_seg_dur",
      "log_noise_rms"
    ],
    "n_events": 135,
    "n_prior_helped": 123,
    "median_frac_fisher": 0.3321230391898533,
    "median_frac_posterior": 0.3279983890491943
  }
}