{
  "n_measurements": 3,
  "n_targets": 2,
  "measurements": [
    {
      "target": "WASP-39",
      "program": 1366,
      "observation": 3,
      "filename": "jw01366-o003_t001_nirspec_f290lp-g395h-s1600a1-sub2048_x1dints.fits",
      "segment": 0,
      "n_integrations": 155,
      "time_start_mjd": 59790.919780242635,
      "time_end_mjd": 59791.03396557324,
      "time_range_hours": 2.7404479344841093,
      "grating": "G395H",
      "n_bins": 18,
      "n_A": 14,
      "n_B": 4,
      "n_C": 0,
      "n_D": 0,
      "median_systematic_excess": 1.1937813300368094,
      "median_allan_ratio": 1.2110402030869227,
      "min_scatter_ppm": 489.9585536422246,
      "max_scatter_ppm": 1007.90540210012,
      "n_trust_regions": 1,
      "n_in_transit": 77,
      "n_out_of_transit": 78,
      "in_transit_fraction": 0.4967741935483871
    },
    {
      "target": "WASP-107",
      "program": 1201,
      "observation": 502,
      "filename": "jw01201-o502_t006_nirspec_f290lp-g395m-s1600a1-sub2048_x1dints.fits",
      "segment": 0,
      "n_integrations": 1198,
      "time_start_mjd": 60487.39469896421,
      "time_end_mjd": 60487.745744527376,
      "time_range_hours": 8.425093515892513,
      "grating": "G395M",
      "n_bins": 19,
      "n_A": 19,
      "n_B": 0,
      "n_C": 0,
      "n_D": 0,
      "median_systematic_excess": 1.494537771213203,
      "median_allan_ratio": 1.140160958279911,
      "min_scatter_ppm": 1225.8795700543008,
      "max_scatter_ppm": 1717.099244724064,
      "n_trust_regions": 1,
      "n_in_transit": 0,
      "n_out_of_transit": 1198,
      "in_transit_fraction": 0.0
    },
    {
      "target": "WASP-107",
      "program": 1224,
      "observation": 3,
      "filename": "jw01224-o003_t003_nirspec_f290lp-g395h-s1600a1-sub2048_x1dints.fits",
      "segment": 0,
      "n_integrations": 411,
      "time_start_mjd": 60118.27913629899,
      "time_end_mjd": 60118.548871186016,
      "time_range_hours": 6.473637288669124,
      "grating": "G395H",
      "n_bins": 18,
      "n_A": 16,
      "n_B": 2,
      "n_C": 0,
      "n_D": 0,
      "median_systematic_excess": 1.3914091200362746,
      "median_allan_ratio": 1.3180027415228723,
      "min_scatter_ppm": 582.7808726813578,
      "max_scatter_ppm": 903.5913814391653,
      "n_trust_regions": 1,
      "n_in_transit": 174,
      "n_out_of_transit": 237,
      "in_transit_fraction": 0.4233576642335766
    }
  ],
  "intra_visit_ratios": [],
  "temporal_correlation": {
    "excess_vs_segment": null,
    "allan_vs_segment": null
  }
}