{
  "n_measurements": 10,
  "measurements": [
    {
      "target": "WASP-39",
      "program": 1366,
      "observation": 3,
      "filename": "jw01366003001_04101_00001-seg001_nrs1_x1dints.fits",
      "segment": 1,
      "n_integrations": 155,
      "time_start_mjd": 59790.91978428565,
      "time_end_mjd": 59791.033969616255,
      "time_range_hours": 2.7404479344841093,
      "n_bins": 18,
      "n_A": 17,
      "n_B": 1,
      "n_C": 0,
      "n_D": 0,
      "median_systematic_excess": 1.1937813300368094,
      "median_allan_ratio": 1.0872885132223529,
      "min_scatter_ppm": 489.9585536422246,
      "max_scatter_ppm": 1007.90540210012,
      "n_trust_regions": 1,
      "n_in_transit": 77,
      "n_out_of_transit": 78,
      "in_transit_fraction": 0.4967741935483871,
      "median_flux": 0.027834801149665814,
      "median_error": 0.0001091363900887252
    },
    {
      "target": "WASP-39",
      "program": 1366,
      "observation": 3,
      "filename": "jw01366003001_04101_00001-seg002_nrs1_x1dints.fits",
      "segment": 2,
      "n_integrations": 155,
      "time_start_mjd": 59791.03471107944,
      "time_end_mjd": 59791.14889641004,
      "time_range_hours": 2.7404479344841093,
      "n_bins": 18,
      "n_A": 0,
      "n_B": 10,
      "n_C": 8,
      "n_D": 0,
      "median_systematic_excess": 4.888443301429367,
      "median_allan_ratio": 3.356751194588682,
      "min_scatter_ppm": 2048.9696710117355,
      "max_scatter_ppm": 2802.5818113360906,
      "n_trust_regions": 0,
      "n_in_transit": 81,
      "n_out_of_transit": 74,
      "in_transit_fraction": 0.5225806451612903,
      "median_flux": 0.027329244765266117,
      "median_error": 0.00010794294510407725
    },
    {
      "target": "WASP-39",
      "program": 1366,
      "observation": 3,
      "filename": "jw01366003001_04101_00001-seg003_nrs1_x1dints.fits",
      "segment": 3,
      "n_integrations": 155,
      "time_start_mjd": 59791.149637873226,
      "time_end_mjd": 59791.26382320383,
      "time_range_hours": 2.7404479344841093,
      "n_bins": 18,
      "n_A": 12,
      "n_B": 6,
      "n_C": 0,
      "n_D": 0,
      "median_systematic_excess": 1.615821654945555,
      "median_allan_ratio": 1.296262857103105,
      "min_scatter_ppm": 721.0296447221709,
      "max_scatter_ppm": 1007.9894723396417,
      "n_trust_regions": 1,
      "n_in_transit": 0,
      "n_out_of_transit": 155,
      "in_transit_fraction": 0.0,
      "median_flux": 0.02766573886845745,
      "median_error": 0.0001084354147035811
    },
    {
      "target": "WASP-39",
      "program": 1366,
      "observation": 4,
      "filename": "jw01366004001_04101_00001-seg001_nrs1_x1dints.fits",
      "segment": 1,
      "n_integrations": 5400,
      "time_start_mjd": 59770.641375468556,
      "time_end_mjd": 59770.72746186889,
      "time_range_hours": 2.0660736080026254,
      "n_bins": 19,
      "n_A": 19,
      "n_B": 0,
      "n_C": 0,
      "n_D": 0,
      "median_systematic_excess": 1.2454569400609874,
      "median_allan_ratio": 1.0526108737453979,
      "min_scatter_ppm": 3690.111913642081,
      "max_scatter_ppm": 5837.636109152629,
      "n_trust_regions": 1,
      "n_in_transit": 1649,
      "n_out_of_transit": 3751,
      "in_transit_fraction": 0.30537037037037035,
      "median_flux": 0.027156472854618773,
      "median_error": 0.00019978123415002663
    },
    {
      "target": "WASP-39",
      "program": 1366,
      "observation": 4,
      "filename": "jw01366004001_04101_00001-seg002_nrs1_x1dints.fits",
      "segment": 2,
      "n_integrations": 5400,
      "time_start_mjd": 59770.727477813765,
      "time_end_mjd": 59770.8135642141,
      "time_range_hours": 2.0660736080026254,
      "n_bins": 19,
      "n_A": 0,
      "n_B": 19,
      "n_C": 0,
      "n_D": 0,
      "median_systematic_excess": 3.7650811681001537,
      "median_allan_ratio": 2.527592649825824,
      "min_scatter_ppm": 13563.550321806226,
      "max_scatter_ppm": 14311.738906229562,
      "n_trust_regions": 0,
      "n_in_transit": 1080,
      "n_out_of_transit": 4320,
      "in_transit_fraction": 0.2,
      "median_flux": 0.02696685514276441,
      "median_error": 0.00019898463510138091
    },
    {
      "target": "WASP-39",
      "program": 1366,
      "observation": 4,
      "filename": "jw01366004001_04101_00001-seg003_nrs1_x1dints.fits",
      "segment": 3,
      "n_integrations": 5350,
      "time_start_mjd": 59770.81358015898,
      "time_end_mjd": 59770.89886931537,
      "time_range_hours": 2.0469397534034215,
      "n_bins": 19,
      "n_A": 17,
      "n_B": 2,
      "n_C": 0,
      "n_D": 0,
      "median_systematic_excess": 1.8532206903132673,
      "median_allan_ratio": 1.2729717373688447,
      "min_scatter_ppm": 5777.790108224464,
      "max_scatter_ppm": 8532.37913321134,
      "n_trust_regions": 1,
      "n_in_transit": 283,
      "n_out_of_transit": 5067,
      "in_transit_fraction": 0.052897196261682246,
      "median_flux": 0.026644336515324232,
      "median_error": 0.0001979669155313138
    },
    {
      "target": "WASP-39",
      "program": 1366,
      "observation": 4,
      "filename": "jw01366004001_04101_00001-seg004_nrs1_x1dints.fits",
      "segment": 4,
      "n_integrations": 5350,
      "time_start_mjd": 59770.89888526025,
      "time_end_mjd": 59770.98417441665,
      "time_range_hours": 2.0469397535780445,
      "n_bins": 19,
      "n_A": 19,
      "n_B": 0,
      "n_C": 0,
      "n_D": 0,
      "median_systematic_excess": 1.220191088145873,
      "median_allan_ratio": 1.0343157568422303,
      "min_scatter_ppm": 3756.9507047735347,
      "max_scatter_ppm": 5868.716524560448,
      "n_trust_regions": 1,
      "n_in_transit": 0,
      "n_out_of_transit": 5350,
      "in_transit_fraction": 0.0,
      "median_flux": 0.027110257783078816,
      "median_error": 0.00019960826855821732
    },
    {
      "target": "WASP-107",
      "program": 1224,
      "observation": 3,
      "filename": "jw01224003001_04102_00001-seg001_nrs1_x1dints.fits",
      "segment": 1,
      "n_integrations": 411,
      "time_start_mjd": 60118.27910540396,
      "time_end_mjd": 60118.369090191336,
      "time_range_hours": 2.1596348969615065,
      "n_bins": 18,
      "n_A": 18,
      "n_B": 0,
      "n_C": 0,
      "n_D": 0,
      "median_systematic_excess": 1.402380462087255,
      "median_allan_ratio": 1.1160872209916444,
      "min_scatter_ppm": 599.0226510836343,
      "max_scatter_ppm": 843.2369312538913,
      "n_trust_regions": 1,
      "n_in_transit": 0,
      "n_out_of_transit": 411,
      "in_transit_fraction": 0.0,
      "median_flux": 0.12228985139732251,
      "median_error": 0.00044354298631820214
    },
    {
      "target": "WASP-107",
      "program": 1224,
      "observation": 3,
      "filename": "jw01224003001_04102_00001-seg002_nrs1_x1dints.fits",
      "segment": 2,
      "n_integrations": 411,
      "time_start_mjd": 60118.36930966643,
      "time_end_mjd": 60118.4592944538,
      "time_range_hours": 2.1596348969615065,
      "n_bins": 18,
      "n_A": 13,
      "n_B": 5,
      "n_C": 0,
      "n_D": 0,
      "median_systematic_excess": 1.363322475687624,
      "median_allan_ratio": 1.1795329298556874,
      "min_scatter_ppm": 532.4721144878943,
      "max_scatter_ppm": 1118.1117938172993,
      "n_trust_regions": 1,
      "n_in_transit": 307,
      "n_out_of_transit": 104,
      "in_transit_fraction": 0.7469586374695864,
      "median_flux": 0.12032204059490503,
      "median_error": 0.00043955485041593156
    },
    {
      "target": "WASP-107",
      "program": 1224,
      "observation": 3,
      "filename": "jw01224003001_04102_00001-seg003_nrs1_x1dints.fits",
      "segment": 3,
      "n_integrations": 408,
      "time_start_mjd": 60118.459513928894,
      "time_end_mjd": 60118.548840291,
      "time_range_hours": 2.143832690489944,
      "n_bins": 18,
      "n_A": 15,
      "n_B": 3,
      "n_C": 0,
      "n_D": 0,
      "median_systematic_excess": 1.276142634321739,